Dougherty,Antwan,ADougherty556Phi
Knox,Patrick,PKnoxx539Art
Parrish,Shane,SParrish474Ger
Kerr,Jerome,JKerrx130Jou
Foley,Adriel,AFoley752Avi
Wagner,Seamus,SWagner837Ele
Hobbs,Ashton,AHobbs844Urb
Petty,Evie,EPetty205Pub
Myers,Leandro,LMyers183Cou
Roberts,Julia,JRoberts830Lib
Brandt,Lukas,LBrandt112Med
Livingston,Alani,ALivingston006Urb
Peterson,Jamiya,JPeterson639Med
Roy,Kirsten,KRoyxx825Man
Copeland,Johnny,JCopeland583Int
Wong,Amirah,AWongx533Cre
Kline,Luciano,LKline201Cyb
Joseph,Lance,LJoseph641Bio
Rangel,Paula,PRangel431Neu
Massey,Jamie,JMassey853Mus
Rubio,Karli,KRubio755Exe
Mcguire,Ellis,EMcguire534Con
Oliver,Madyson,MOliver668Sec
Fry,Serenity,SFryxx411Ele
Leon,Jaliyah,JLeonx981Geo
Guerrero,Parker,PGuerrero247Pol
Kemp,Milagros,MKempx897Avi
Garza,Aniya,AGarza601Edu
Roberts,Zoe,ZRoberts528The
Chan,Ryder,RChanx239Com
Norton,Antonio,ANorton172Mus
Kim,Jazlene,JKimxx224Com
Cox,America,ACoxxx781Avi
Rogers,Colby,CRogers208Soc
Conrad,Stella,SConrad746Bio
Mccullough,Micheal,MMccullough223Hea
Hardy,Kolby,KHardy119Mus
Tapia,Sophia,STapia838Che
Jacobson,Addison,AJacobson891Con
Terrell,Aimee,ATerrell390Eme
Cannon,Abagail,ACannon376Avi
Conrad,Donald,DConrad782Man
Medina,Tiana,TMedina667Edu
Vasquez,Edwin,EVasquez466Sec
Mcclain,Sofia,SMcclain732Pub
Nash,Braylon,BNashx498Inf
Buchanan,Chaya,CBuchanan425For
Juarez,Charlize,CJuarez304Rel
Yu,Xzavier,XYuxxx036Ger
Kent,Timothy,TKentx916Jou
Jones,Bailee,BJones121Bio
Hoover,Elizabeth,EHoover898Eng
Ramos,Jaida,JRamos123Avi
Livingston,Perla,PLivingston240Con
Simpson,Shayna,SSimpson529Eme
Dawson,Jan,JDawson556Wri
Huffman,Aryana,AHuffman629Mul
Fernandez,Hillary,HFernandez684Wom
Barnes,Hillary,HBarnes360Com
Parks,Kayla,KParks990Eco
Murphy,Todd,TMurphy455Sch
Kelley,Melissa,MKelley398Arc
Gross,Abbigail,AGross563Ath
Benton,Alina,ABenton825Spe
Klein,Jadon,JKlein317Com
Love,Saul,SLovex880Inf
Galvan,Ingrid,IGalvan204Neu
Logan,Zachery,ZLogan143Kin
Singleton,Rubi,RSingleton219Soc
Esparza,Emiliano,EEsparza346Man
Salazar,Sierra,SSalazar642Cou
Blair,Ashlyn,ABlair906Acc
Barrera,Destiney,DBarrera582Com
Good,Armani,AGoodx042Bio
Mcneil,Maximus,MMcneil765Cre
Peters,Jalen,JPeters543Ath
Preston,Chana,CPreston732Inf
Simmons,Asia,ASimmons665Mus
Mccarty,Ronan,RMccarty097Bio
Mitchell,Adrianna,AMitchell124Arc
Evans,Molly,MEvans887His
Mcclure,Lilah,LMcclure119Sch
Riddle,Lola,LRiddle430Psy
Novak,Khloe,KNovak114Soc
Harding,Elyse,EHarding535Lit
Clark,Aditya,AClark822Mat
Patterson,Alvin,APatterson967Edu
Benson,Deegan,DBenson951For
Mcbride,Aaron,AMcbride611Eng
West,Lilyana,LWestx516Acc
Liu,Connor,CLiuxx936Cri
Camacho,Asher,ACamacho735Pol
Hancock,Myles,MHancock239Mat
Cook,Asher,ACookx286Ger
Tanner,Cale,CTanner834Pol
Hester,Trent,THester168Wri
Romero,Cristofer,CRomero870Bla
Caldwell,Maren,MCaldwell745Acc
Long,Matthew,MLongx733Civ
Booker,Remington,RBooker222The
